okhttp,2015-12-15 12:57:49 AM,10
okhttp,2017-08-31 4:18:55 PM,1
okhttp,2015-11-01 11:10:53 PM,1
okhttp,2015-11-24 8:28:27 PM,11
okhttp,2016-07-31 8:10:03 AM,1
okhttp,2016-01-11 10:04:53 AM,1
okhttp,2017-06-24 11:01:08 PM,3
okhttp,2016-12-26 8:24:50 PM,3
okhttp,2015-08-03 12:43:20 AM,2
okhttp,2017-07-03 12:10:31 AM,1
okhttp,2016-03-25 10:05:43 AM,9
okhttp,2017-03-05 4:06:02 PM,1
okhttp,2015-12-07 10:43:08 PM,4
okhttp,2016-04-21 11:20:30 PM,2
okhttp,2017-08-31 4:09:14 PM,1
okhttp,2016-11-18 10:16:08 PM,3
okhttp,2015-10-08 2:11:44 AM,1
okhttp,2017-08-30 10:03:34 PM,5
okhttp,2016-01-27 12:31:15 AM,1
okhttp,2015-12-02 12:44:41 PM,3
okhttp,2016-02-20 10:26:41 PM,1
okhttp,2016-06-26 11:04:30 PM,30
okhttp,2015-12-24 2:19:37 PM,6
okhttp,2016-05-24 9:40:09 PM,1
okhttp,2017-07-06 9:55:04 AM,1
okhttp,2016-06-25 7:13:35 PM,11
okhttp,2015-12-15 12:37:36 AM,2
okhttp,2015-09-27 12:37:34 AM,9
okhttp,2015-11-22 10:25:50 AM,5
okhttp,2016-09-20 7:52:25 PM,3
okhttp,2015-11-28 9:36:06 AM,26
okhttp,2017-07-29 9:49:38 AM,1
okhttp,2017-01-02 12:36:51 PM,3
okhttp,2016-09-20 12:55:03 AM,1
okhttp,2016-01-29 2:13:32 PM,1
okhttp,2016-01-03 1:39:20 AM,1
okhttp,2016-05-28 1:09:24 PM,12
okhttp,2016-03-28 7:02:25 PM,3
okhttp,2016-04-10 12:51:38 PM,1
okhttp,2017-05-13 7:34:25 AM,1
okhttp,2016-10-12 12:01:45 AM,1
okhttp,2015-12-16 1:34:59 AM,2
okhttp,2016-05-28 2:30:08 PM,3
okhttp,2016-10-11 11:08:49 PM,2
okhttp,2015-12-14 3:11:48 PM,1
okhttp,2016-11-19 3:16:58 PM,4
okhttp,2016-02-25 8:19:56 AM,1
okhttp,2016-02-01 8:02:07 PM,1
okhttp,2016-06-26 10:27:34 AM,7
okhttp,2015-12-29 5:49:25 PM,1
okhttp,2016-01-01 10:55:32 AM,1
okhttp,2015-12-28 2:07:43 AM,1
okhttp,2016-07-12 11:22:49 PM,1
okhttp,2016-05-19 7:57:05 PM,1
okhttp,2015-12-23 3:55:30 PM,19
okhttp,2016-12-07 10:00:59 PM,1
okhttp,2016-11-29 9:14:35 AM,4
okhttp,2015-12-28 1:41:26 AM,3
okhttp,2015-11-25 5:31:28 PM,11
okhttp,2016-09-17 8:12:06 PM,1
okhttp,2017-03-11 10:13:45 PM,2
okhttp,2016-06-25 3:46:24 PM,14
okhttp,2015-11-29 10:58:45 PM,6
okhttp,2016-08-07 11:51:40 AM,1
okhttp,2017-08-07 9:50:16 AM,1
okhttp,2017-06-23 10:07:59 AM,1
okhttp,2015-12-10 10:17:46 PM,1
okhttp,2016-11-21 6:55:52 PM,1
okhttp,2016-04-20 6:16:28 PM,1
okhttp,2015-12-28 12:58:57 PM,1
okhttp,2016-07-02 7:56:09 PM,2
okhttp,2017-07-29 10:32:37 AM,2
okhttp,2016-10-18 9:34:25 PM,1
okhttp,2016-01-31 2:10:15 PM,1
okhttp,2016-06-25 6:04:14 PM,2
okhttp,2017-08-29 4:14:32 PM,16
okhttp,2016-06-28 6:22:02 PM,6
okhttp,2016-01-01 12:12:35 PM,42
okhttp,2015-11-04 9:25:20 AM,3
okhttp,2015-12-06 9:59:24 AM,3
okhttp,2017-01-29 12:09:31 PM,3
okhttp,2015-11-14 3:33:55 AM,1
okhttp,2017-01-26 12:11:38 PM,1
okhttp,2017-08-02 12:51:26 PM,1
okhttp,2016-02-06 12:38:21 PM,3
okhttp,2017-09-01 5:27:26 PM,1
okhttp,2015-12-29 5:57:31 PM,1
okhttp,2016-07-09 5:19:04 PM,146
okhttp,2015-12-18 9:56:53 AM,2
okhttp,2016-04-21 8:52:22 AM,1
okhttp,2016-04-08 7:56:29 AM,1
okhttp,2016-09-13 12:29:19 PM,9
okhttp,2015-12-21 9:10:48 PM,4
okhttp,2016-06-21 4:18:32 PM,1
okhttp,2015-08-03 1:26:05 AM,1
okhttp,2016-01-01 4:42:21 PM,2
okhttp,2017-08-05 5:26:59 PM,2
okhttp,2016-07-06 10:02:40 PM,2
okhttp,2015-12-14 10:39:14 PM,3
okhttp,2017-09-01 12:48:55 PM,2
okhttp,2016-01-02 2:07:30 AM,11
okhttp,2016-02-07 11:21:22 AM,2
okhttp,2017-04-02 10:06:36 AM,2
okhttp,2016-11-21 8:01:45 PM,1
okhttp,2015-12-15 12:45:14 AM,3
okhttp,2017-08-06 3:19:03 PM,2
okhttp,2015-09-02 6:11:24 PM,9
okhttp,2017-06-15 9:05:07 AM,1
okhttp,2017-08-14 7:29:28 AM,4
okhttp,2015-12-10 12:33:59 AM,2
okhttp,2016-02-06 11:52:34 AM,2
okhttp,2016-11-18 9:34:02 PM,8
okhttp,2017-01-28 3:39:43 PM,1
okhttp,2016-09-19 11:53:55 PM,16
okhttp,2016-12-01 12:09:56 PM,2
okhttp,2016-05-07 9:08:37 PM,6
okhttp,2015-09-26 8:13:35 PM,5
okhttp,2016-07-09 6:09:19 PM,12
okhttp,2015-12-21 1:52:14 PM,1
okhttp,2016-05-05 2:34:06 PM,1
okhttp,2016-01-23 7:12:33 PM,3
okhttp,2016-12-11 1:49:24 PM,3
okhttp,2016-06-23 10:54:59 PM,7
okhttp,2015-12-28 12:37:15 PM,6
okhttp,2015-09-27 6:19:37 PM,1
okhttp,2015-12-14 10:57:42 PM,4
retrofit,2014-01-23 7:53:51 PM,1
retrofit,2014-06-05 10:57:49 PM,4
retrofit,2015-06-20 6:56:41 PM,1
retrofit,2016-01-29 12:58:57 AM,1
retrofit,2013-02-24 7:27:19 PM,1
retrofit,2011-12-13 1:41:59 PM,6
retrofit,2015-02-02 8:33:44 PM,5
retrofit,2015-01-30 10:49:37 PM,1
retrofit,2015-09-02 11:51:01 PM,1
retrofit,2015-06-03 6:56:04 PM,13
retrofit,2012-10-09 9:17:41 PM,1
retrofit,2015-01-31 4:17:09 PM,1
retrofit,2013-02-21 9:18:14 PM,2
retrofit,2016-01-16 10:17:57 AM,2
retrofit,2015-09-26 2:19:17 AM,4
retrofit,2011-05-04 2:19:24 PM,2
retrofit,2016-03-06 11:09:15 AM,19
retrofit,2017-05-11 1:26:26 PM,1
retrofit,2014-09-27 1:07:29 AM,1
retrofit,2012-03-26 12:09:56 AM,1
retrofit,2016-03-01 11:18:31 PM,1
retrofit,2013-03-12 2:28:16 PM,1
retrofit,2014-10-03 9:40:10 AM,1
retrofit,2015-06-03 12:40:50 AM,2
retrofit,2015-08-30 12:44:10 PM,4
retrofit,2015-11-15 1:51:13 PM,7
retrofit,2013-02-19 8:56:22 AM,3
retrofit,2015-04-15 11:18:28 PM,1
retrofit,2011-05-04 6:45:53 PM,2
retrofit,2014-01-23 12:26:49 PM,1
retrofit,2015-06-06 10:34:01 PM,1
retrofit,2015-09-26 2:17:49 AM,2
retrofit,2016-01-25 11:36:27 PM,9
retrofit,2015-07-08 11:22:53 PM,1
retrofit,2016-03-14 1:38:26 AM,1
retrofit,2013-06-03 5:47:12 PM,8
retrofit,2015-07-24 3:31:56 PM,4
retrofit,2015-06-28 2:02:36 PM,10
retrofit,2013-05-19 11:42:57 AM,2
retrofit,2012-08-30 5:02:24 PM,1
retrofit,2016-08-16 9:39:10 AM,3
retrofit,2017-01-29 10:22:29 PM,2
retrofit,2013-07-08 5:40:19 PM,7
retrofit,2016-04-03 1:23:52 AM,1
retrofit,2015-07-09 8:59:51 AM,4
retrofit,2013-05-12 11:52:14 PM,46
retrofit,2015-01-30 3:48:04 PM,1
retrofit,2015-06-21 3:26:55 PM,4
retrofit,2015-11-25 10:48:24 AM,2
retrofit,2015-06-27 1:22:57 PM,2
retrofit,2012-10-23 6:25:34 PM,1
retrofit,2016-08-03 1:41:03 AM,2
retrofit,2013-05-08 7:02:06 PM,2
retrofit,2010-10-13 2:40:44 PM,1
retrofit,2016-01-25 9:55:50 AM,17
retrofit,2011-01-20 11:55:16 PM,3
retrofit,2013-02-18 11:25:56 PM,6
retrofit,2015-06-19 6:21:01 PM,6
retrofit,2014-10-14 10:19:11 PM,1
retrofit,2013-03-25 2:57:38 PM,1
retrofit,2012-08-30 5:46:31 PM,2
retrofit,2016-08-17 11:13:54 AM,3
retrofit,2013-07-12 3:03:27 PM,4
retrofit,2013-08-17 12:45:38 AM,1
retrofit,2015-04-19 7:43:25 PM,1
retrofit,2012-12-20 11:04:47 AM,4
retrofit,2014-01-23 3:05:40 PM,2
retrofit,2011-05-04 2:19:24 PM,1
retrofit,2015-06-18 9:38:10 AM,5
retrofit,2012-04-09 6:47:38 PM,9
retrofit,2015-07-14 10:25:51 PM,1
retrofit,2015-08-22 2:28:59 PM,3
retrofit,2013-05-13 7:33:05 AM,1
retrofit,2016-01-24 1:24:14 AM,1
retrofit,2015-07-25 12:53:20 AM,2
retrofit,2012-10-16 1:48:27 PM,8
retrofit,2013-05-12 4:39:57 PM,2
retrofit,2013-05-10 8:28:09 PM,13
retrofit,2011-09-02 2:03:47 PM,2
retrofit,2013-02-27 3:22:58 PM,1
retrofit,2015-05-20 1:10:49 AM,2
retrofit,2017-02-24 12:51:33 PM,3
retrofit,2015-06-01 1:10:29 AM,16
retrofit,2013-09-18 10:09:46 AM,1
retrofit,2014-10-03 10:08:16 PM,9
retrofit,2012-10-27 6:59:44 PM,26
retrofit,2015-11-24 6:14:48 PM,2
retrofit,2016-09-17 4:51:55 PM,6
retrofit,2016-01-25 9:59:34 PM,31
retrofit,2015-12-21 8:09:43 PM,7
retrofit,2016-02-03 10:15:37 PM,2
retrofit,2016-02-20 6:32:58 PM,1
retrofit,2014-01-31 5:14:46 PM,2
retrofit,2012-10-29 3:01:35 PM,3
retrofit,2013-02-19 10:15:50 PM,2
retrofit,2010-12-06 6:37:45 AM,2
retrofit,2015-12-04 11:05:50 PM,1
retrofit,2015-06-07 10:55:01 PM,1
retrofit,2012-10-29 6:25:18 PM,1
retrofit,2013-05-13 8:27:55 AM,1
retrofit,2016-01-29 9:58:18 PM,1
retrofit,2015-08-22 2:46:01 PM,3
retrofit,2014-05-29 6:39:50 PM,6
retrofit,2015-06-11 1:13:58 AM,1
retrofit,2015-09-03 1:43:45 AM,13
retrofit,2015-11-19 12:39:55 AM,23
retrofit,2012-08-31 1:44:54 PM,1
retrofit,2013-02-11 10:48:59 PM,9
retrofit,2013-07-12 12:22:11 AM,3
retrofit,2013-02-21 11:17:00 PM,1
retrofit,2016-01-05 12:57:59 AM,3
retrofit,2011-12-15 3:46:44 PM,1
retrofit,2013-05-26 10:27:24 PM,1
retrofit,2013-02-13 10:59:27 PM,1
retrofit,2016-03-06 5:33:58 PM,4
retrofit,2017-01-29 10:55:47 PM,2
retrofit,2013-03-25 7:53:32 PM,1
retrofit,2014-02-20 2:55:22 PM,2
retrofit,2015-06-03 7:29:55 PM,1
retrofit,2015-06-19 11:22:04 PM,1
retrofit,2014-10-08 3:37:46 PM,1
retrofit,2016-06-26 1:51:41 AM,1
retrofit,2015-06-09 11:49:38 PM,7
retrofit,2015-01-29 1:33:10 AM,5
retrofit,2014-10-03 11:59:18 AM,3
retrofit,2015-12-21 11:18:54 AM,14
retrofit,2017-02-13 5:31:38 PM,28
retrofit,2015-08-16 12:57:41 PM,8
retrofit,2013-11-06 11:40:11 PM,2
retrofit,2014-10-06 4:22:44 PM,2
retrofit,2014-10-09 11:56:55 PM,1
retrofit,2012-12-19 1:16:41 PM,1
retrofit,2015-11-16 6:38:57 PM,1
retrofit,2013-05-29 10:31:50 AM,1
retrofit,2014-11-23 11:58:59 PM,1
retrofit,2011-09-01 3:02:21 PM,1
jdeodorant,2016-10-21 3:45:38 PM,2
jdeodorant,2016-10-11 2:48:08 PM,1
jdeodorant,2016-04-05 5:38:42 PM,3
jdeodorant,2015-09-08 3:15:05 PM,1
jdeodorant,2014-08-25 7:22:32 PM,2
jdeodorant,2016-06-18 6:24:15 AM,2
jdeodorant,2015-10-08 2:37:25 PM,4
jdeodorant,2014-10-03 10:37:14 AM,2
jdeodorant,2015-12-06 10:15:49 AM,1
jdeodorant,2016-09-12 3:31:09 PM,2
jdeodorant,2016-09-08 2:43:24 PM,2
jdeodorant,2015-12-24 1:47:09 PM,3
jdeodorant,2015-12-14 9:16:53 AM,1
jdeodorant,2014-08-04 11:45:17 PM,4
jdeodorant,2015-09-02 2:06:14 PM,1
jdeodorant,2016-03-30 2:14:39 AM,6
jdeodorant,2016-07-13 5:54:09 PM,6
jdeodorant,2015-06-22 12:42:51 PM,1
jdeodorant,2014-07-29 2:13:01 PM,1
jdeodorant,2015-10-07 7:14:23 PM,3
jdeodorant,2014-08-21 9:33:37 PM,2
jdeodorant,2015-11-20 3:49:25 PM,9
jdeodorant,2015-06-25 1:19:29 PM,1
jdeodorant,2016-06-08 11:14:42 AM,1
jdeodorant,2014-08-04 1:57:02 PM,1
jdeodorant,2016-06-22 9:32:46 AM,1
jdeodorant,2015-06-30 4:07:16 PM,1
jdeodorant,2015-07-09 11:07:18 AM,6
jdeodorant,2015-03-10 3:18:11 PM,1
jdeodorant,2014-08-09 12:57:14 PM,2
jdeodorant,2014-08-14 9:07:41 PM,1
jdeodorant,2015-07-23 5:07:10 PM,1
jdeodorant,2016-09-19 2:01:18 PM,2
jdeodorant,2015-07-24 9:24:57 AM,1
jdeodorant,2016-07-22 10:23:12 AM,3
jdeodorant,2014-07-08 9:20:54 PM,3
jdeodorant,2016-10-10 3:08:58 PM,2
jdeodorant,2015-06-30 10:08:33 AM,1
jdeodorant,2015-10-22 9:45:00 AM,2
jdeodorant,2015-07-08 10:51:43 AM,1
jdeodorant,2015-06-12 9:55:41 AM,1
jdeodorant,2015-03-20 10:53:46 AM,1
jdeodorant,2016-08-29 1:35:59 PM,2
jdeodorant,2016-01-15 10:34:43 AM,1
jdeodorant,2016-11-02 12:12:08 PM,1
jdeodorant,2014-09-05 2:10:50 PM,1
jdeodorant,2015-06-28 4:44:40 PM,6
jdeodorant,2016-01-21 12:41:05 PM,1
jdeodorant,2016-08-15 3:04:03 PM,2
jdeodorant,2015-06-20 8:29:51 AM,2
jdeodorant,2015-11-18 5:17:19 PM,1
jdeodorant,2016-07-25 1:41:09 PM,1
jdeodorant,2014-08-12 11:48:44 PM,2
jdeodorant,2014-08-13 12:23:39 AM,1
jdeodorant,2015-05-13 11:32:19 AM,226
jdeodorant,2014-09-21 12:38:03 PM,2
jdeodorant,2015-08-19 7:36:34 PM,1
jdeodorant,2016-11-11 8:49:36 PM,2
jdeodorant,2014-08-01 12:46:50 AM,1
jdeodorant,2015-07-20 8:06:14 AM,1
jdeodorant,2016-08-09 9:04:19 PM,1
jdeodorant,2015-11-20 2:34:54 PM,1
jdeodorant,2014-10-09 4:18:19 PM,1
jdeodorant,2015-06-30 7:23:05 PM,1
jdeodorant,2014-08-29 9:28:45 PM,2
jdeodorant,2014-10-22 5:37:44 PM,1
jdeodorant,2015-03-19 3:22:19 PM,4
jdeodorant,2015-10-09 6:09:09 PM,2
jdeodorant,2015-08-13 5:30:43 PM,1
jdeodorant,2014-09-10 2:35:15 PM,1
jdeodorant,2015-07-22 4:34:18 PM,1
jdeodorant,2015-07-06 12:23:15 PM,1
jdeodorant,2016-09-26 9:48:15 AM,1
jdeodorant,2014-10-21 11:43:09 AM,1
jdeodorant,2014-07-20 1:05:28 AM,1
jdeodorant,2014-07-22 5:09:35 PM,1
jdeodorant,2015-09-12 7:51:38 AM,1
jdeodorant,2015-09-09 5:19:42 PM,1
jdeodorant,2015-10-08 1:52:58 PM,1
jdeodorant,2015-08-18 5:30:47 PM,1
jdeodorant,2016-08-11 12:26:59 PM,1
jdeodorant,2015-03-19 6:04:32 PM,3
jdeodorant,2016-06-04 10:10:17 AM,3
gson,2017-07-31 10:50:29 AM,1
gson,2016-04-27 12:28:51 AM,1
gson,2015-09-27 1:58:01 PM,1
gson,2016-02-25 5:38:48 PM,1
gson,2016-01-18 3:07:33 PM,1
gson,2016-06-10 12:14:28 AM,10
gson,2016-03-28 2:46:02 PM,1
gson,2016-01-18 12:08:11 PM,2
gson,2015-10-03 2:01:30 AM,1
gson,2016-05-17 1:30:59 PM,1
gson,2016-06-02 12:08:25 AM,1
gson,2015-11-06 3:24:15 PM,1
